{
  "train.py": 1776910955.6233306,
  "docs\\paper\\compile_paper.ps1": 1776750511.423132,
  "docs\\paper\\scripts\\generate_plots.py": 1776836220.2694125,
  "docs\\paper\\scripts\\run_neurips_experiments.py": 1776838682.5376446,
  "experiments\\neurips\\build_multilingual_benchmarks.py": 1777424311.4708192,
  "experiments\\neurips\\generate_additional_charts.py": 1777424311.4619708,
  "experiments\\neurips\\plot_results.py": 1777424311.4619708,
  "experiments\\neurips\\run_all.py": 1777424311.459872,
  "experiments\\neurips\\run_benchmark_matrix.py": 1777424311.459872,
  "experiments\\neurips\\run_evaluation.py": 1776913390.89675,
  "experiments\\neurips\\run_evaluation_resume.py": 1776913479.265209,
  "experiments\\neurips\\run_evaluation_v2.py": 1777424311.4619708,
  "experiments\\neurips\\run_extended_alignment.py": 1777424311.4687116,
  "experiments\\neurips\\data_pipeline\\benchmark_builder.py": 1777424311.4619708,
  "experiments\\neurips\\data_pipeline\\dataset_builder.py": 1776840059.2700663,
  "experiments\\neurips\\data_pipeline\\extract_activations.py": 1777424311.4687116,
  "experiments\\neurips\\data_pipeline\\neighbors.py": 1776840083.6166825,
  "experiments\\neurips\\runner\\eval_metrics.py": 1776840365.671518,
  "experiments\\neurips\\runner\\exp1_set_vs_pointwise.py": 1776840122.7334013,
  "experiments\\neurips\\runner\\exp2_set_size_scaling.py": 1776840134.8313885,
  "experiments\\neurips\\runner\\exp3_aggregator_ablation.py": 1776840266.8108547,
  "experiments\\neurips\\runner\\exp4_cross_model_transfer.py": 1776841665.790793,
  "experiments\\neurips\\runner\\exp5_interventional_steering.py": 1776840327.5159898,
  "scripts\\test_corruption_diagnostics.py": 1777344244.5056899,
  "setconca\\__init__.py": 1776662895.6965878,
  "setconca\\data\\dataset.py": 1776662998.2537415,
  "setconca\\data\\__init__.py": 1776662915.8789437,
  "setconca\\losses\\consistency.py": 1776663198.0195923,
  "setconca\\losses\\sparsity.py": 1776667947.8357697,
  "setconca\\losses\\__init__.py": 1776662908.8496904,
  "setconca\\model\\aggregator.py": 1776673933.557387,
  "setconca\\model\\decoder.py": 1777344152.0642452,
  "setconca\\model\\encoder.py": 1776663026.3627768,
  "setconca\\model\\setconca.py": 1777344206.9395232,
  "setconca\\model\\__init__.py": 1776662902.7488866,
  "tests\\test_setconca.py": 1777424311.4687116,
  "tests\\test_validation_gates.py": 1777424311.4619708,
  "conca_math.txt": 1776929245.3625445,
  "README.md": 1777424311.4708192,
  "set_conca_math.txt": 1776929245.4304824,
  "summery.MD": 1777345101.3906186,
  "docs\\PRESENTATION.md": 1777341262.5525193,
  "docs\\REBUTTAL_PREP.md": 1777341288.1601057,
  "docs\\paper\\appendix_blueprint.md": 1777346694.4312248,
  "docs\\paper\\claim_traceability_report.md": 1776752052.0457222,
  "docs\\paper\\drafting_playbook.md": 1777346694.4312248,
  "docs\\paper\\figure_table_map.md": 1777346694.4302258,
  "docs\\paper\\originality_positioning.md": 1777346694.4312248,
  "docs\\paper\\references_audit_report.md": 1777346694.4312248,
  "docs\\paper\\reproduction_report.md": 1777346694.4312248,
  "docs\\paper\\submission_ready_outline.md": 1777346694.4458003,
  "docs\\paper\\test_audit_report.md": 1777346694.4312248,
  "docs\\paper\\artifacts\\neurips_experiment_suite.md": 1776838758.1410644,
  "graphify-out\\GRAPH_REPORT.md": 1777425221.1883192,
  "results\\BENCHMARK_DEFERRALS.md": 1777424311.4619708,
  "results\\EXECUTIVE_SUMMARY.md": 1777424311.4721737,
  "results\\expremtn_plan.MD": 1776913813.329636,
  "results\\extended_alignment_terminal_report.txt": 1777358713.6224928,
  "results\\Honest_Assessment.md": 1777013876.714703,
  "results\\initial_report.MD": 1776923589.6791103,
  "results\\MASTER_SUPERVISOR_PRESENTATION.md": 1777251745.4629614,
  "results\\paper_draft.md": 1777013996.321296,
  "results\\PRESENTATION_PLAN.md": 1777251591.6775224,
  "results\\REPORT.md": 1777424311.466184,
  "results\\REPORT_DENSE.md": 1777250183.1197503,
  "results\\SetConCA_Comprehensive_Review.md": 1777337103.2841394,
  "results\\SOTA_COMPARISON_ADDENDUM.md": 1777256737.550879,
  "results\\SUPERVISOR_BRIEFING.md": 1777251680.1653433,
  "results\\task_status.md": 1777340392.2790608,
  "initial_report.pdf": 1776914672.855529,
  "summery.pdf": 1777341770.139342,
  "docs\\ConCA.pdf": 1776672681.513511,
  "docs\\Set_ConCA.pdf": 1774486771.3983233,
  "docs\\paper\\setconca_neurips.pdf": 1776845721.4058397,
  "docs\\paper\\artifacts\\ablation.pdf": 1776842226.437013,
  "docs\\paper\\artifacts\\bridge_bars.pdf": 1776842226.3243136,
  "docs\\paper\\artifacts\\faith_layer.pdf": 1776842226.5666583,
  "docs\\paper\\artifacts\\s_sweep.pdf": 1776842226.1648598,
  "results\\paper_draft.pdf": 1777013565.06136,
  "results\\REPORT.pdf": 1777013551.3603892,
  "docs\\paper\\figure2_stability.png": 1776757098.5382946,
  "docs\\paper\\artifacts\\manifold.png": 1776842995.9058802,
  "docs\\paper\\artifacts\\pipeline.png": 1776842329.8950477,
  "results\\figures\\fig01_set_vs_pointwise.png": 1777358346.5969646,
  "results\\figures\\fig02_s_scaling.png": 1777358346.7930455,
  "results\\figures\\fig03_aggregator_ablation.png": 1777358346.9838307,
  "results\\figures\\fig04_cross_family_transfer.png": 1777358347.193083,
  "results\\figures\\fig05_intra_family_heatmap.png": 1777358347.3462675,
  "results\\figures\\fig06_sota_comparison.png": 1777358347.5791295,
  "results\\figures\\fig07_steering.png": 1777358347.7638493,
  "results\\figures\\fig08_convergence.png": 1777358347.9038343,
  "results\\figures\\fig09_consistency_ablation.png": 1777358348.0965154,
  "results\\figures\\fig10_architecture.png": 1777358351.07824,
  "results\\figures\\fig10_corruption_test.png": 1777358348.2856586,
  "results\\figures\\fig11_layer_sweep.png": 1777358348.5364456,
  "results\\figures\\fig12_nonlinear_bridge.png": 1777358348.739167,
  "results\\figures\\fig13_interpretability.png": 1777358348.9502387,
  "results\\figures\\fig14_capability_matrix.png": 1777358349.2858443,
  "results\\figures\\fig14_pca32_transfer.png": 1777358311.7668214,
  "results\\figures\\fig15_soft_consistency.png": 1777340624.3016684,
  "results\\figures\\fig16_topk_transfer.png": 1777358312.2535696,
  "results\\figures\\fig1_set_vs_pointwise.png": 1776913642.0494928,
  "results\\figures\\fig2_s_scaling.png": 1776913642.1854646,
  "results\\figures\\fig3_aggregator_ablation.png": 1776913642.314899,
  "results\\figures\\fig4_cross_family.png": 1776913642.4121578,
  "results\\figures\\fig5_intra_family.png": 1776913642.5679557,
  "results\\figures\\fig6_sota_comparison.png": 1776913642.70862,
  "results\\figures\\fig7_steering.png": 1776913642.8399622,
  "results\\figures\\fig8_radar.png": 1776913642.9800563,
  "results\\figures\\fig9_evolution.png": 1777358350.5241773
}